Unit Name,QR Code,Status,Created (UTC),Deleted
"Absolut New White Back Bar",ASSET-PER-20260225-CDA0BC,AVAILABLE,2026-02-25 11:05:19,No
"Absolut New White Back Bar #10",ASSET-PER-20260414-7F524E,AVAILABLE,2026-04-14 08:29:53,No
"Absolut New White Back Bar #11",ASSET-PER-20260414-CE2F2D,AVAILABLE,2026-04-14 08:29:53,No
"Absolut New White Back Bar #2",ASSET-PER-20260414-EF4F89,AVAILABLE,2026-04-14 08:29:53,No
"Absolut New White Back Bar #3",ASSET-PER-20260414-41118B,AVAILABLE,2026-04-14 08:29:53,No
"Absolut New White Back Bar #4",ASSET-PER-20260414-8F2485,AVAILABLE,2026-04-14 08:29:53,No
"Absolut New White Back Bar #5",ASSET-PER-20260414-828FF1,AVAILABLE,2026-04-14 08:29:53,No
"Absolut New White Back Bar #6",ASSET-PER-20260414-1C47A5,AVAILABLE,2026-04-14 08:29:53,No
"Absolut New White Back Bar #7",ASSET-PER-20260414-E51F17,AVAILABLE,2026-04-14 08:29:53,No
"Absolut New White Back Bar #8",ASSET-PER-20260414-862689,AVAILABLE,2026-04-14 08:29:53,No
"Absolut New White Back Bar #9",ASSET-PER-20260414-3A3A72,AVAILABLE,2026-04-14 08:29:53,No